股票代码,现价,距52周高点(%),空头占流通股(%),空头回补天数,波动压缩比(20d/120d),距财报天数,营收同比增长(%),营收趋势,毛利率趋势,"内部人净买入(6个月,美元)",市值(亿美元),超跌得分,空头挤压得分,波动压缩得分,财报临近得分,流动性得分,基本面得分,内部人得分,综合评分,备注
NVDA,208.47999572753906,-11.5,1.3,2.23,0.92,1,85.2,健康增长,改善,0,50495.9,14.3,7.3,20.9,100.0,100.0,100.0,50.0,49.8,
UPST,29.889999389648438,-59.5,29.6,6.95,0.94,70,41.7,健康增长,,0,29.1,74.8,84.8,19.6,0.0,4.3,75.0,50.0,48.6,
CPB,24.15999984741211,-24.5,31.2,7.8,0.93,8,-4.4,持平,恶化,0,72.0,30.8,93.6,20.1,75.9,5.6,25.0,50.0,45.9,
SMCI,35.16999816894531,-40.1,18.5,2.06,0.9,70,122.7,健康增长,改善,0,227.5,50.4,30.8,21.9,0.0,71.3,100.0,50.0,44.7,
DLTR,136.75,-3.2,6.4,3.41,0.51,1,7.2,健康增长,持平,0,262.8,3.9,23.9,56.5,100.0,1.7,75.0,50.0,44.0,
PATH,16.56999969482422,-14.1,30.2,1.47,0.98,9,17.3,健康增长,恶化,0,85.9,17.7,43.3,17.9,72.4,70.4,50.0,50.0,43.2,
LCID,5.090000152587891,-79.5,35.6,2.37,1.14,71,56.2,健康增长,恶化,0,20.1,100.0,58.0,12.0,0.0,7.7,50.0,50.0,42.9,
AVGO,358.760009765625,-25.4,1.3,2.87,0.92,8,47.9,健康增长,改善,0,17068.3,31.9,12.3,20.7,75.9,20.4,100.0,50.0,42.8,
DG,125.33000183105469,-19.0,3.9,3.1,0.68,1,3.4,持平,改善,0,276.5,23.8,17.8,36.3,100.0,1.7,75.0,50.0,42.7,
ROKU,158.17999267578125,-0.1,9.2,3.67,0.33,72,21.9,健康增长,改善,0,234.8,0.0,30.0,100.0,0.0,1.6,100.0,50.0,42.3,
CIEN,371.95001220703125,-40.7,4.1,1.83,1.1,8,39.5,健康增长,改善,0,526.5,51.1,8.4,13.1,75.9,2.0,100.0,50.0,42.1,
ADSK,254.4199981689453,-22.1,4.7,3.95,0.95,2,18.4,健康增长,持平,0,537.2,27.8,25.6,19.4,96.6,1.4,75.0,50.0,41.7,
A,153.42999267578125,-3.5,2.3,2.59,0.72,1,10.0,健康增长,改善,0,433.3,4.3,11.6,33.3,100.0,1.7,100.0,50.0,41.5,
BBY,87.4800033569336,-3.0,8.5,4.61,0.88,1,1.9,持平,改善,0,184.4,3.7,36.2,22.7,100.0,2.6,75.0,50.0,40.9,
BF-B,28.75,-5.2,12.5,4.55,0.78,7,2.0,持平,改善,0,131.9,6.5,41.5,28.7,79.3,1.6,75.0,50.0,40.6,
CPRT,33.2599983215332,-33.4,5.7,3.29,1.32,9,2.1,持平,改善,0,307.9,42.0,21.9,6.9,72.4,12.1,75.0,50.0,39.2,
RBLX,38.7599983215332,-72.6,3.7,2.29,1.39,65,35.9,健康增长,改善,0,276.9,91.4,11.3,5.4,0.0,11.5,100.0,50.0,39.1,
COO,75.80000305175781,-10.1,4.9,3.61,0.71,15,7.9,健康增长,改善,0,147.8,12.6,23.2,34.1,51.7,1.3,100.0,50.0,39.0,
CRWD,190.67999267578125,-15.5,2.5,2.87,0.96,1,25.6,健康增长,持平,0,1941.6,19.4,14.1,18.8,100.0,7.2,75.0,50.0,39.0,
RIVN,16.600000381469727,-26.1,13.4,3.77,0.86,-26,27.2,健康增长,改善,0,240.3,32.7,36.8,23.6,0.0,22.2,100.0,50.0,38.5,
AFRM,76.87999725341797,-16.6,5.3,4.24,0.94,2,32.6,健康增长,恶化,0,257.5,20.8,28.7,19.7,96.6,2.6,50.0,50.0,37.7,
SNAP,5.53000020980835,-39.2,8.1,2.72,1.22,-22,18.9,健康增长,改善,0,93.5,49.2,21.0,9.4,0.0,35.4,100.0,50.0,37.1,
SOFI,18.239999771118164,-43.4,15.0,2.22,1.27,62,42.5,健康增长,,0,235.6,54.5,27.0,8.2,0.0,45.6,75.0,50.0,36.3,
CVNA,72.33000183105469,-24.4,13.3,6.79,1.13,64,52.4,健康增长,持平,0,1076.3,30.7,60.0,12.3,0.0,9.2,75.0,50.0,36.0,
ADBE,276.2699890136719,-24.8,5.5,3.33,1.04,16,12.7,健康增长,持平,0,1098.2,31.2,21.9,15.3,48.3,3.9,75.0,50.0,34.9,
ARM,238.77999877929688,-45.7,11.6,2.68,0.92,71,22.4,健康增长,持平,0,2550.2,57.4,25.7,20.6,0.0,3.5,75.0,50.0,34.4,
CASY,854.2100219726562,-6.7,5.1,4.4,0.62,14,14.5,健康增长,恶化,0,316.1,8.3,29.7,42.5,55.2,0.0,50.0,50.0,34.0,
IONQ,41.060001373291016,-50.0,12.4,2.7,1.01,71,754.7,健康增长,恶化,0,166.3,62.9,27.1,16.5,0.0,17.4,50.0,50.0,32.6,
U,46.15999984741211,-6.7,7.8,4.71,1.1,70,23.9,健康增长,改善,0,203.1,8.3,36.0,13.3,0.0,10.4,100.0,50.0,31.6,
DELL,433.19000244140625,-12.4,4.4,1.97,0.98,7,87.5,健康增长,恶化,0,2799.0,15.5,9.8,18.1,79.3,5.0,50.0,50.0,30.9,
FDS,305.30999755859375,-18.9,12.8,3.91,0.92,22,6.4,健康增长,恶化,0,108.6,23.6,37.0,20.5,27.6,0.4,50.0,50.0,30.8,
AZO,3009.43994140625,-30.9,3.0,2.01,0.84,27,8.4,健康增长,持平,0,491.3,38.8,8.1,25.3,10.3,0.0,75.0,50.0,29.8,
AAPL,310.3399963378906,-8.7,1.0,2.58,1.17,65,16.4,健康增长,改善,0,45291.6,10.8,9.6,11.1,0.0,40.9,100.0,50.0,29.5,
DRI,225.55999755859375,-0.9,7.3,4.29,1.07,29,13.7,健康增长,改善,0,256.1,1.1,31.9,14.4,3.4,0.8,100.0,50.0,29.4,
CTAS,207.39999389648438,-4.0,3.8,4.44,0.81,28,8.9,健康增长,持平,0,830.0,4.9,28.1,27.1,6.9,1.5,75.0,50.0,28.2,
TSLA,348.95001220703125,-28.8,1.9,1.61,0.81,57,25.5,健康增长,恶化,0,13781.9,36.1,3.5,27.0,0.0,34.9,50.0,50.0,27.1,
DKNG,25.969999313354492,-46.2,7.9,3.6,1.12,72,-4.6,持平,恶化,0,128.9,58.0,27.5,12.7,0.0,8.2,25.0,50.0,26.8,
AMD,456.75,-21.4,2.3,1.34,1.04,70,50.1,健康增长,持平,0,7456.2,26.8,1.9,15.4,0.0,18.7,75.0,50.0,25.5,
COST,971.4000244140625,-11.1,1.7,3.33,0.92,30,11.6,健康增长,持平,0,4308.0,13.9,16.5,20.6,0.0,1.5,75.0,50.0,25.4,
RIOT,20.0,-30.3,14.8,2.9,1.33,65,3.6,持平,恶化,0,75.1,38.1,32.0,6.8,0.0,27.1,25.0,50.0,25.3,
PLTR,175.88999938964844,-15.1,3.2,1.87,1.69,69,92.8,健康增长,持平,0,4226.7,18.9,7.3,0.0,0.0,32.8,75.0,50.0,24.2,
