股票代码,时间,当前价格,预计走向,涨跌幅区间,因子分数,复盘价格
AAPL,2026-08-28,314.58,横盘,292.29-344.13,0.4826,
TSLA,2026-08-28,354.81,涨,272.89-368.39,0.6598,
AAPL,2026-08-28,314.58,横盘,292.29-344.13,0.4826,
TSLA,2026-08-28,354.81,涨,272.89-368.39,0.6598,
AAPL,2026-08-28,314.58,横盘,292.29-344.13,0.4826,
MSFT,2026-08-28,505.06,跌,404.94-552.21,0.3929,
NVDA,2026-08-28,227.98,涨,195.94-231.72,0.639,
TSLA,2026-08-28,354.81,涨,272.89-368.39,0.6598,
GOOGL,2026-08-28,340.65,横盘,317.52-364.34,0.5301,
AAPL,2026-08-28,314.58,横盘,292.29-344.13,0.4826,
MSFT,2026-08-28,505.06,跌,404.94-552.21,0.3929,
NVDA,2026-08-28,227.98,涨,195.94-231.72,0.639,
TSLA,2026-08-28,354.81,涨,272.89-368.39,0.6598,
GOOGL,2026-08-28,340.65,横盘,317.52-364.34,0.5301,
WDAY,2026-08-28,193.57,涨,156.04-219.10,0.6375,
ULTA,2026-08-28,540.1,涨,483.56-573.90,0.6089,
ADSK,2026-08-28,270.58,涨,211.78-282.00,0.6044,
